{"Llama": {"1": 0.9076086906523217, "2": 0.8966480396928935, "3": 0.9067641631903953, "4": 0.8778523439958921, "5": 0.8727770127859631, "6": 0.8897485443234852, "7": 0.8989690671649697}, "Minerva": {"1": 0.894594589595179, "2": 0.9027777727783951, "3": 0.9080982661562957, "4": 0.8693333283376357, "5": 0.8732782319155492, "6": 0.8477366205287135, "7": 0.8927476967367215}}