{"Llama": {"1": 0.8636363586364824, "2": 0.8624898241301184, "3": 0.8733233929136619, "4": 0.8360389560398043, "5": 0.8333333283340278, "6": 0.8491484134919579, "7": 0.856811589203102}, "Minerva": {"1": 0.8557536416776819, "2": 0.8715447104480006, "3": 0.8718967179395474, "4": 0.824291492976892, "5": 0.8277026977030596, "6": 0.808398945154518, "7": 0.8503755004886395}}